{"cameraMode":{"drawMode":0,"name":"Shaded","section":"Shading Mode"},"sceneLighting":false,"audioPlay":false,"sceneViewState":{"showFog":false,"showMaterialUpdate":false,"showSkybox":false,"showFlares":false,"showImageEffects":false,"showParticleSystems":false},"in2DMode":false,"pivot":{"x":1.6244356632232667,"y":4.925624847412109,"z":2.0740649700164797},"rotation":{"x":-0.3244461119174957,"y":-0.31304046511650088,"z":0.11472511291503906,"w":-0.8852149248123169},"size":5.654766082763672,"orthographic":false}